platform,signal,probe,claim,verdict,correction,evidence,reconciled
AWS,visibility,Is the current CloudTrail eventVersion 1.11 as the draft states?,eventVersion is currently 1.11 and follows documented major/minor compatibility rules.,confirmed,,https://docs.aws.amazon.com/awscloudtrail/latest/userguide/cloudtrail-event-reference-record-contents.html,
AWS,visibility,Are sourceIPAddress and userIdentity marked Optional:False (always present)?,sourceIPAddress and userIdentity are marked Optional:False (always present); the listed top-level fields exist with documented Since versions.,confirmed,,https://docs.aws.amazon.com/awscloudtrail/latest/userguide/cloudtrail-event-reference-record-contents.html,
AWS,visibility,"Does the userIdentity element document invokedByDelegate, inScopeOf, onBehalfOf, credentialId, sessionContext/sessionIssuer/mfaAuthenticated/sourceIdentity, invokedBy, and tlsDetails as the draft claims?","userIdentity exhaustively documents type, principalId, arn, accountId, accessKeyId, sessionContext (sessionIssuer, mfaAuthenticated, sourceIdentity), invokedBy, onBehalfOf/credentialId for IAM Identity Center, inScopeOf for service-to-service, and a new invokedByDelegate field flagging actions by product providers via delegated access.",confirmed,"All fields confirmed. invokedByDelegate exists and contains the product-provider accountId of a party using temporary delegated access. inScopeOf carries sourceArn/sourceAccount/issuerType/credentialsIssuedTo (e.g. AWS::Lambda::Function), confirming the 'originating resource' framing.",https://docs.aws.amazon.com/awscloudtrail/latest/userguide/cloudtrail-event-reference-user-identity.html,
AWS,visibility,"Is CloudTrail Event history 90 days, management events only, free?","Event history is on automatically per Region, free, no setup, a 90-day rolling record of MANAGEMENT events only (no data events ever), viewable via console or LookupEvents.",confirmed,,https://docs.aws.amazon.com/awscloudtrail/latest/userguide/view-cloudtrail-events.html,
AWS,visibility,Are management events on by default while data events and network activity events are NOT logged by default and billed separately?,Management events are on by default for trails/event data stores; data events (S3/Lambda/DynamoDB/AI-ML) and network activity events (VPC-endpoint API calls) are NOT logged by default and incur additional charges.,confirmed,,https://docs.aws.amazon.com/awscloudtrail/latest/userguide/cloudtrail-events.html,
AWS,visibility,"Are Amazon Bedrock InvokeModel-class operations data events that are NOT logged by default, as the 'Management vs DATA events' finding asserts?",Data events ... and notably AI/ML resource access such as Bedrock InvokeModel-class operations ... are NOT logged by default and incur additional per-event charges.,refuted,"Amazon Bedrock logs InvokeModel, InvokeModelWithResponseStream, Converse, and ConverseStream as MANAGEMENT events (the documented example shows ""managementEvent"": true and ""eventCategory"": ""Management""), so they ARE captured by default at no extra data-event charge. Only certain runtime ops are data events: InvokeModelWithBidirectionalStream, GetAsyncInvoke, StartAsyncInvoke, plus all Agents-for-Bedrock runtime ops (InvokeAgent, InvokeInlineAgent), Retrieve/RetrieveAndGenerate, InvokeFlow, RenderPrompt. The draft's premise that 'by default AWS records who changed configuration but NOT who invoked a model' is therefore wrong for the common Bedrock invocation APIs - the fact of the invocation (with principal, source IP, modelId) IS in the default management-event stream; what is NOT captured by CloudTrail is the prompt/response content (that requires Bedrock model invocation logging). Note SageMaker InvokeEndpoint remains a data event, so the SageMaker side of the claim still holds.",https://docs.aws.amazon.com/bedrock/latest/userguide/logging-using-cloudtrail.html,true
AWS,visibility,"Does CloudTrail capture Bedrock prompt/response content, or only the API call?",CloudTrail records the Bedrock API call (management/data event) but not the prompt/response content.,confirmed,,https://docs.aws.amazon.com/bedrock/latest/userguide/logging-using-cloudtrail.html,
AWS,visibility,"Is Amazon Bedrock model invocation logging disabled by default, with full prompt/response capture up to 100 KB to CloudWatch Logs and/or S3?","Bedrock model invocation logging captures full request/response data and metadata (input/output JSON bodies up to 100 KB) to CloudWatch Logs and/or S3, but is DISABLED by default and must be explicitly enabled per Region.",confirmed,,https://docs.aws.amazon.com/bedrock/latest/userguide/model-invocation-logging.html,
AWS,visibility,"Is CloudWatch Logs per-log-group retention configurable 1 day to 3653 days (10 years) with default 'Never Expire', including auto-created Lambda log groups?",CloudWatch Logs retention is configurable 1 day to 10 years (3653 days) or Never Expire; default for new log groups (including auto-created Lambda groups) is Never Expire (missing retentionInDays); must be set explicitly per log group.,confirmed,,https://docs.aws.amazon.com/AmazonCloudWatch/latest/logs/Working-with-log-groups-and-streams.html,
AWS,visibility,Do CloudTrail Lake event data stores support up to 3653 days under EXTENDABLE_RETENTION_PRICING and up to 2557 days under FIXED_RETENTION_PRICING?,CloudTrail Lake event data stores retain up to 3653 days (~10 years) under EXTENDABLE_RETENTION_PRICING or up to 2557 days (~7 years) under FIXED_RETENTION_PRICING.,confirmed,,https://docs.aws.amazon.com/awscloudtrail/latest/APIReference/API_CreateEventDataStore.html,
AWS,visibility,Does CloudTrail log file integrity validation use SHA-256 hashing and SHA-256-with-RSA signing with hourly digest files that chain to the previous digest?,"CloudTrail log file integrity validation creates hourly digest files using SHA-256 hashing and SHA-256-with-RSA signing, each digest chaining the previous one.",confirmed,,https://docs.aws.amazon.com/awscloudtrail/latest/userguide/cloudtrail-log-file-validation-intro.html,
AWS,visibility,Can member accounts modify/disable/delete an organization trail or change its event selectors?,"An organization trail created from the management/delegated-admin account is visible to member accounts but cannot be modified, disabled, have its event selectors changed, or deleted by them.",confirmed,,https://docs.aws.amazon.com/awscloudtrail/latest/userguide/creating-trail-organization.html,
AWS,visibility,"Does Amazon Security Lake centralize and normalize CloudTrail management events plus S3/Lambda data events, VPC Flow Logs and more into OCSF with subscriber access?","Security Lake centralizes CloudTrail management events, S3/Lambda data events, VPC Flow Logs, and more, automatically normalizing them to the open OCSF schema in the customer's S3 (Parquet), with subscriber access for third-party SIEMs.",confirmed,,https://docs.aws.amazon.com/security-lake/latest/userguide/internal-sources.html,
AWS,identity_granularity,"Is STS role chaining hard-capped at 1 hour regardless of MaxSessionDuration, and is default AssumeRole session 3600s with MaxSessionDuration configurable up to 43200s (12h)?",Default session is 3600s (1h); MaxSessionDuration configurable on the role up to 43200s (12h); role chaining is hard-capped at 1 hour regardless of MaxSessionDuration.,confirmed,,https://docs.aws.amazon.com/STS/latest/APIReference/API_AssumeRole.html,
AWS,identity_granularity,"Does EKS Pod Identity (re:Invent 2023) use service principal pods.eks.amazonaws.com, require sts:AssumeRole + sts:TagSession, and auto-inject session tags eks-cluster-arn, kubernetes-namespace, kubernetes-service-account, kubernetes-pod-name?","EKS Pod Identity uses cluster-agnostic service principal pods.eks.amazonaws.com requiring sts:AssumeRole + sts:TagSession and auto-injects session tags (eks-cluster-arn, kubernetes-namespace, kubernetes-service-account, kubernetes-pod-name) usable in ABAC conditions; also supports session policies.",confirmed,"Accurate, but the auto-injected tag set is slightly larger than the draft lists. The current reference set is six tags: eks-cluster-arn, eks-cluster-name, kubernetes-namespace, kubernetes-service-account, kubernetes-pod-name, and kubernetes-pod-uid. The draft's four are a correct subset; consider noting eks-cluster-name and kubernetes-pod-uid for completeness. Session policy support for Pod Identity is also confirmed (later GA feature).",https://docs.aws.amazon.com/eks/latest/userguide/pod-id-abac.html,
AWS,identity_granularity,Is IAM Access Analyzer external-access analysis free while unused-access analysis is opt-in and priced per role/user/month?,Access Analyzer external-access findings are free; unused-access findings are opt-in and PRICED per role/user/month.,confirmed,"Confirmed. Exact figures: external access analysis is free; unused access analysis is $0.20 per IAM role or user per month (one analyzer per account/partition covers all regions, since roles/users are global); custom policy checks are $0.0020 per API call.",https://aws.amazon.com/iam/access-analyzer/pricing/,
AWS,identity_granularity,"Does the GitHub Actions OIDC sub claim change to repo:org/repo:environment:Name (dropping branch) when a job uses a GitHub environment, and ...:pull_request for PR runs?","The sub claim format changes when a job uses a GitHub environment (becomes repo:org/repo:environment:Name, dropping the branch); pull_request runs yield sub ...:pull_request; StringLike repo:org/* is dangerously permissive.",confirmed,,https://docs.github.com/en/actions/deployment/security-hardening-your-deployments/configuring-openid-connect-in-amazon-web-services,
AWS,identity_granularity,"Can root user access keys still be created (CLI/API/console) while AWS discourages them, and did AWS launch centralized root access management?",Root user access keys can still technically be created though AWS strongly advises against them and now blocks/discourages via console; long-lived IAM user keys have no expiry and no native auto-rotation.,confirmed,"Confirmed that root access keys remain creatable and are discouraged. Worth adding the current organizational control the draft does not mention: AWS launched Centralized Root Access Management for AWS Organizations on 2024-11-15, which lets a management account remove root credentials from member accounts entirely and perform short-term, task-scoped privileged root sessions (AssumeRoot) instead. This materially strengthens the org-wide root governance story.",https://aws.amazon.com/about-aws/whats-new/2024/11/manage-root-access-aws-identity-access-management/,
AWS,identity_granularity,"Does IAM Roles Anywhere use the extended SigV4 schemes AWS4-X509-RSA-SHA256 / AWS4-X509-ECDSA-SHA256 via CreateSession, with the private key handled by aws_signing_helper as a credential_process and a trust anchor (Private CA or external CA)?",CreateSession is signed with extended SigV4 (AWS4-X509-RSA-SHA256 / AWS4-X509-ECDSA-SHA256); private key never leaves host (aws_signing_helper via credential_process); returns standard short-lived STS creds; trust anchor is AWS Private CA or external CA.,confirmed,"Accurate. Minor currency note: AWS has since added a post-quantum signing variant (AWS4-X509-MLDSA) alongside the RSA/ECDSA schemes, so the scheme list is now three, not two. Not an error in the draft, just an addition.",https://docs.aws.amazon.com/rolesanywhere/latest/userguide/authentication-sign-process.html,
AWS,identity_granularity,"Do awslabs/mcp servers honor the boto3 credential chain and support read-only via READ_OPERATIONS_ONLY / --readonly flags, with IAM permissions as the primary control?","awslabs/mcp servers honor the standard boto3 credential chain; read-only via READ_OPERATIONS_ONLY / --readonly flags AND via scoping the IAM principal; AWS docs state IAM permissions remain the primary security control, not the server flag.",confirmed,,https://awslabs.github.io/mcp/servers/iam-mcp-server,
AWS,identity_granularity,"Is Secrets Manager automatic rotation off by default (requires configured rotation Lambda/managed rotation + schedule), and does Parameter Store have no built-in rotation?",Secrets Manager supports automatic rotation but it is NOT enabled by default; Parameter Store has NO built-in rotation at all.,confirmed,,https://docs.aws.amazon.com/secretsmanager/latest/userguide/rotating-secrets.html,
AWS,identity_granularity,"Does ec2:RunInstances in the current Service Authorization Reference require permissions across exactly the eight resource types the draft enumerates (instance, image, subnet, network-interface, security-group, key-pair, volume, spot-instances-request)?","ec2:RunInstances requires permissions across up to eight distinct resource types: instance, image, subnet, network-interface, security-group, key-pair, volume, and spot-instances-request.",outdated,"The core point (RunInstances is one action spanning many resource types, the multi-resource-type footgun) is correct, but the enumeration is stale. The current Service Authorization Reference lists TWELVE resource types for ec2:RunInstances, not eight: image, instance, network-interface, security-group, subnet, and volume are marked required (*), plus key-pair, elastic-gpu, capacity-reservation, placement-group, launch-template, and license-configuration as optional. 'spot-instances-request' is NOT among the resource types for RunInstances in the current reference (it is associated with other Spot actions). Recommend changing 'up to eight (... spot-instances-request)' to 'up to twelve' and dropping spot-instances-request from the RunInstances list (or replacing it with elastic-gpu / capacity-reservation / placement-group / launch-template / license-configuration).",https://docs.aws.amazon.com/service-authorization/latest/reference/list_amazonec2.html,true
AWS,identity_granularity,Are data-plane API calls authenticated with SigV4-signed request headers (session token in X-Amz-Security-Token header) rather than URL query params for normal use?,"All data-plane API calls are authenticated with SigV4-signed request headers (not URL query params for normal use), so credentials are not exposed in URLs; STS-derived creds default to 1 hour, configurable up to 12 hours.",confirmed,Correct as qualified. For normal signed requests the session token rides in the X-Amz-Security-Token header (not the URL). The draft's 'for normal use' caveat is important and accurate: AWS does also support presigned/query-string SigV4 (used by S3 presigned URLs and STS GetCallerIdentity presign for IAM auth) where the token and signature appear as query parameters by design - so the claim holds for standard SDK/CLI calls but is not absolute across all SigV4 usage.,https://docs.aws.amazon.com/IAM/latest/UserGuide/reference_sigv-create-signed-request.html,
AWS,identity_granularity,"Are both IRSA and EKS Pod Identity current/supported, with Pod Identity complementing rather than replacing IRSA?","IRSA (OIDC-provider-based, per-cluster trust-policy edits) is now complemented by EKS Pod Identity (re:Invent 2023); IRSA is subject to per-account OIDC-provider and trust-policy-size limits.",confirmed,Confirmed. AWS explicitly states the two coexist and that it will continue investing in and supporting IRSA; Pod Identity is the recommended path for in-cloud EKS while IRSA remains required for EKS Anywhere / ROSA / self-managed clusters. The 'complemented' framing is accurate - Pod Identity does not deprecate IRSA.,https://docs.aws.amazon.com/eks/latest/userguide/iam-roles-for-service-accounts.html,
AWS,supply_chain,"Does ECR's GetAuthorizationToken really produce a token valid 12 hours whose permission scope equals the calling IAM principal, with no long-lived/shared registry passwords?","ECR uses IAM exclusively; a docker/notation login obtains a base64 authorization token via GetAuthorizationToken whose permission scope exactly equals the calling IAM principal's, valid 12 hours; no long-lived registry passwords, no cross-tenant shared credential.",confirmed,,https://docs.aws.amazon.com/AmazonECR/latest/userguide/registry_auth.html,
AWS,supply_chain,"Did ECR managed signing (auto-sign on push via AWS Signer) actually reach GA in November 2025, and is signing opt-in/off by default?","ECR supports managed signing (auto-sign on push, GA Nov 2025) plus manual Notation-CLI signing; signing is opt-in (off by default); signatures stored as OCI artifacts beside the image.",confirmed,,https://aws.amazon.com/about-aws/whats-new/2025/11/amazon-ecr-managed-container-image-signing/,
AWS,supply_chain,"Does Amazon EKS provide a NATIVE/managed signature-verification gate that blocks unsigned images, distinct from ECS which needs a custom Lambda?","Verification/enforcement is uneven: EKS has a native managed verification path, ECS requires you to build a Lambda admission controller; no native gate for raw EC2 or Lambda container images.",refuted,"EKS has NO native/AWS-managed signature-verification gate. AWS's own EKS guide says verifying AWS Signer signatures at deployment requires customer-installed third-party admission controllers (Gatekeeper+Ratify with the AWS Signer plugin, or Kyverno with the AWS Signer plugin), plus a Notation trust store/policy. So enforcement is customer-assembled on BOTH EKS and ECS (EKS via an open-source admission controller webhook, ECS via a Lambda wired to task lifecycle/EventBridge). The draft's framing that EKS is 'native managed' while ECS is hand-built is inaccurate; neither is a turnkey native gate. The rest of the finding (off-by-default signing, no native gate for raw EC2/Lambda container images, unsigned images run by default) is correct.",https://docs.aws.amazon.com/eks/latest/userguide/image-verification.html,true
AWS,supply_chain,Is the ECS verification path really a customer-built Lambda admission controller tied to service lifecycle hooks?,ECS requires you to build a Lambda admission controller wired to service lifecycle hooks (to verify AWS Signer signatures).,confirmed,"Confirmed in substance: ECS verification is a customer-built pattern using a Lambda that runs Notation CLI + AWS Signer, triggered via EventBridge task-state-change events and/or ECS service lifecycle hooks. There is no native ECS gate.",https://containersonaws.com/pattern/ecs-fargate-container-image-signing-and-verification/,
AWS,supply_chain,"Is ECR basic scanning on by default (OS packages, Clair CVE DB, scan-on-push not continuous), with enhanced/Inspector scanning opt-in, registry-wide, and Inspector-billed?","Basic scanning is on by default per private registry, covers only OS packages via Clair-style CVE matching, scans on push of changed images not continuously; enhanced (Inspector) adds OS + language-package coverage and continuous re-scan, is opt-in, billed through Inspector, converts all repos, deactivated only by the Inspector delegated admin.",confirmed,Accurate. Minor freshness note (not a defect): AWS now also offers an 'improved basic scanning' option powered by Amazon Inspector as an alternative to the legacy Clair-based basic scanner; the legacy Clair-based default the draft describes is still correct.,https://docs.aws.amazon.com/AmazonECR/latest/userguide/image-scanning.html,
AWS,supply_chain,"Are Lambda and Fargate each run in a dedicated Firecracker microVM with its own kernel, giving VM-grade tenant isolation by default, while EKS standard nodes share the node kernel across pods?",Lambda and Fargate run each task/invocation in a dedicated Firecracker microVM with its own kernel on Nitro bare-metal (no shared guest kernel across tenants); EKS standard worker nodes run pods as containers sharing the node kernel.,confirmed,,https://d1.awsstatic.com/whitepapers/AWS_Fargate_Security_Overview_Whitepaper.pdf,
AWS,supply_chain,"Are NitroTPM PCR0/1 AWS-controlled early boot and PCR4/7/12 used to validate the AMI / Secure Boot state, with KMS attestation condition keys?","NitroTPM (TPM 2.0) + UEFI Secure Boot give measured boot; PCR0/1 measure AWS-controlled early boot, PCR4/7/12 validate the AMI/Secure Boot state; KMS can gate key release on these.",confirmed,"Confirmed and current: PCR0/1 measure AWS-controlled early boot code; PCR4 (boot binary) + PCR12 (command line) validate standard boot of an Attestable AMI, and PCR7 validates UEFI Secure Boot state. KMS exposes kms:RecipientAttestation:NitroTPMPCR4/PCR7/PCR12 condition keys to gate key use.",https://docs.aws.amazon.com/AWSEC2/latest/UserGuide/nitrotpm-attestation-document-content.html,
AWS,supply_chain,"Do Nitro Enclaves produce a signed attestation document with PCRs that KMS can natively gate Decrypt/GenerateDataKey on, and can parent-instance root not read enclave memory?","Nitro Enclaves give isolated execution where even root on the parent EC2 instance cannot read enclave memory, and produce a hypervisor-signed attestation document (PCR measurements) that KMS can natively gate key release on.",confirmed,,https://docs.aws.amazon.com/kms/latest/developerguide/conditions-nitro-enclaves.html,
AWS,supply_chain,"Are standard KMS keys in FIPS 140-3 validated HSMs (key material never leaving HSM, no AWS employee export), with CMK key policies and CloudHSM custom key stores / XKS available?",Standard KMS keys live in AWS FIPS 140-3-validated HSMs; no one including AWS employees can export plaintext key material; CMKs add a key-policy authorization layer; CloudHSM-backed custom key stores and External Key Store (XKS) are available.,confirmed,"Confirmed and current: AWS KMS HSMs received FIPS 140-3 Security Level 3 validation from NIST in Feb 2025 (an upgrade from the prior FIPS 140-2 Level 3), so 'FIPS 140-3-validated' is accurate.",https://aws.amazon.com/blogs/security/aws-kms-now-fips-140-2-level-3-what-does-this-mean-for-you/,
AWS,supply_chain,"Is SSE-S3 (AES-256) applied to all new object uploads since Jan 5 2023, and are Block Public Access auto-enabled + ACLs disabled (Object Ownership = BucketOwnerEnforced) for all new buckets since April 2023 across all creation paths?",SSE-S3 (AES-256) is applied to all new object uploads automatically since Jan 5 2023; S3 Block Public Access auto-enabled and ACLs disabled (Object Ownership = BucketOwnerEnforced) for all NEW buckets since April 2023 regardless of creation path (console/CLI/SDK/CloudFormation).,confirmed,,https://docs.aws.amazon.com/AmazonS3/latest/userguide/ensure-object-ownership.html,
AWS,supply_chain,"Does Secrets Manager support automatic rotation with native Lambda for RDS/Redshift/DocumentDB and custom for others, and ECS/EKS injection via execution role / ASCP+CSI scoped by IAM?","Secrets Manager supports automatic rotation (native Lambda for RDS/Redshift/DocumentDB, custom for others); ECS/Fargate injection via task-definition secret references resolved by the task execution role; EKS via ASCP + Secrets Store CSI driver scoped to pods via IRSA.",confirmed,"Accurate, with a freshness addition: in addition to the Lambda-based rotation templates the draft describes (still available for RDS/Aurora/Redshift/DocumentDB), AWS now also offers fully MANAGED rotation for RDS/Aurora/Redshift/DocumentDB master/admin credentials where you 'never touch Lambda at all'. So rotation is no longer Lambda-only for those engines.",https://docs.aws.amazon.com/secretsmanager/latest/userguide/rotate-secrets_managed.html,
AWS,supply_chain,"Does AWS Marketplace run a self-service AMI/container scan sellers must pass (no known CVEs/malware), review submissions against policy, and continuously re-scan listings, contacting sellers on new CVEs?","Marketplace runs a self-service AMI/container scan sellers must pass before listing (no known CVEs/malware), AWS reviews submissions against Marketplace policies, and continuously re-scans listings, contacting sellers when new CVEs affect a product.",confirmed,,https://docs.aws.amazon.com/marketplace/latest/userguide/product-and-ami-policies.html,
AWS,org_maturity,Is Chris Betz still the AWS CISO as the draft claims?,"Chris Betz is AWS CISO (since Aug 2023, ex-Capital One CISO).",outdated,"Chris Betz was AWS CISO from August 2023 but stepped out of the role in June 2025. Amy Herzog (former MITRE principal security engineer; previously CISO for Amazon's Devices & Services / Media & Entertainment / Advertising businesses) is the current AWS VP & CISO — she keynoted re:Inforce in June 2025 as AWS CISO and gave interviews as CISO in Aug 2025. Chris Betz moved to VP, Infrastructure Security at AWS. The 'since Aug 2023' / 'ex-Capital One' history for Betz is accurate, but he is no longer the sitting AWS CISO.",https://www.thestack.technology/amy-herzog-new-aws-ciso/,true
AWS,org_maturity,Is Steve Schmidt still Amazon Chief Security Officer?,"Steve Schmidt is Amazon Chief Security Officer (covering AWS, amazon.com, Devices, Kuiper, etc.).",confirmed,"Confirmed current. Steve (Stephen) Schmidt remains Amazon CSO as of Dec 2025 (Fortune, Dec 17 2025; The Record 2025), formerly AWS CISO before being elevated to the Amazon-wide CSO role.",https://fortune.com/2025/12/17/amazon-cybersecurity-north-korea-hackers-cio-intelligence/,
AWS,org_maturity,Exact GA/launch date of the AWS European Sovereign Cloud.,"The AWS European Sovereign Cloud launched Jan 14 2026 (Brandenburg, Germany).",refuted,"The AWS European Sovereign Cloud reached general availability on January 15, 2026 (announced in Potsdam, Germany), not January 14. First Region is in Brandenburg, Germany. It is operated exclusively by EU residents under a new EU parent company and three German GmbH subsidiaries led by EU citizens, with no critical dependencies on non-EU infrastructure — consistent with the draft's jurisdiction framing. Only the date (Jan 14 vs Jan 15) is wrong.",https://press.aboutamazon.com/aws/2026/1/aws-launches-aws-european-sovereign-cloud-and-announces-expansion-across-europe,true
AWS,org_maturity,AWS Security Incident Response pricing: original ~$7k/month minimum and Nov 2025 repricing to metered/per-finding.,"AWS Security Incident Response (GA Dec 2024) was originally ~$7k/month minimum, repriced Nov 2025 to metered (first 10k findings/month free, then ~$0.000676/finding; free with Enterprise Support / Unified Operations).",confirmed,"Confirmed. GA at re:Invent Dec 2024 with a $7,000/month minimum tiered on AWS spend. On Nov 21, 2025 AWS switched to metered pricing: first 10,000 findings/month free, then $0.000676/finding with tiered volume discounts; included at no additional cost (and not billed even above the free tier) for Enterprise Support and Unified Operations customers.",https://aws.amazon.com/about-aws/whats-new/2025/11/security-incident-response-metered-pricing-free-tier/,
AWS,org_maturity,AWS SOC Fall 2025 cycle: service count and audit period.,The Fall 2025 cycle covers 185 services over a 12-month audit period (Oct 1 2024 - Sep 30 2025).,confirmed,"Confirmed. AWS Fall 2025 SOC 1/2/3 reports cover 185 services over the audit period October 1, 2024 - September 30, 2025 (up from 184 in Spring 2025).",https://aws.amazon.com/blogs/security/fall-2025-soc-1-2-and-3-reports-are-now-available-with-185-services-in-scope/,
AWS,org_maturity,"Per-service/per-feature SOC scope, including the SageMaker Studio Lab and Bedrock Marketplace exclusions and EC2/S3/Lambda/RDS/EKS inclusion.","SOC scope is per-service/per-feature; SageMaker AI in scope but Studio Lab excluded; Bedrock in scope but Bedrock Marketplace excluded; EC2, S3, Lambda, RDS, EKS, SageMaker AI, Bedrock all currently in scope.",confirmed,"Confirmed against the live 'Services in Scope by Compliance Program (SOC)' page. SageMaker AI is in scope but explicitly 'excludes Studio Lab, Public, Workforce and Vendor Workforce'; Bedrock is in scope but 'excludes Amazon Bedrock Marketplace'; EC2, S3, Lambda, RDS, EKS are in scope with no exclusions listed.",https://aws.amazon.com/compliance/services-in-scope/SOC/,
AWS,org_maturity,"Does the AWS public VDP carry safe-harbor language, a 24h non-automated acknowledgment, monthly check-ins, the HackerOne aws_vdp handle, aws-security@amazon.com with PGP, and Amazon CNA status?","AWS public VDP on hackerone.com/aws_vdp with explicit good-faith/safe-harbor language ('will not bring legal action...including for bypassing technological measures'), non-automated receipt within 24h and monthly check-ins; aws-security@amazon.com with PGP; AWS is a CVE Numbering Authority.",confirmed,"Confirmed on the AWS Vulnerability Reporting page. URL hackerone.com/aws_vdp; verbatim safe-harbor text including 'bypassing technological measures'; commits to a non-automated receipt confirmation within 24 hours, timely updates, and monthly check-ins; aws-security@amazon.com with a published PGP key; AWS operates the Amazon CNA and issues CVEs.",https://aws.amazon.com/security/vulnerability-reporting/,
AWS,org_maturity,Is Amazon's public paid bug bounty (amazonvrp) scoped to consumer/retail/devices and NOT core AWS cloud infrastructure?,"The Amazon Vulnerability Research Program (hackerone.com/amazonvrp, up to ~$25k) is scoped to Amazon retail/consumer/devices/Alexa, NOT core AWS cloud services; AWS-service vulns only have the unpaid public VDP plus a private invite-only bounty.",confirmed,"Confirmed. The AmazonVRP HackerOne policy states testing against AWS and AWS customer assets is strictly out of scope and against the AWS AUP, directing AWS-service findings to the separate AWS Vulnerability Reporting (VDP) page. The public paid channel does not cover core AWS cloud infrastructure.",https://hackerone.com/amazonvrp,
AWS,org_maturity,"Is the AWS CIRT engageable by ANY customer regardless of support plan at no separate charge, with scope limited to AWS-side analysis and OS/memory/app forensics referred to DFIR partners?","AWS CIRT is engageable by ANY customer via a support case 'regardless of support plan level' at no separate charge; scope limited to AWS infrastructure/control-plane, with OS forensics, memory analysis, and app code review pushed to third-party DFIR partners.",confirmed,"Confirmed. The CIRT announcement states 'Any AWS customer can engage the AWS CIRT through an AWS support case, regardless of support plan level,' and recommends complementing CIRT with a specialized AWS DFIR Partner for host/OS forensics, memory analysis, and application code review. Note: current AWS Security Incident Response user-guide docs now label this team 'Security Incident Response engineers' rather than 'CIRT,' but the engagement-via-support-case-for-all-customers model is unchanged.",https://aws.amazon.com/blogs/security/welcoming-the-aws-customer-incident-response-team/,
AWS,org_maturity,"Is the October 2025 us-east-1 DynamoDB outage post-mortem accurately described (DNS Planner/Enactor race condition, empty regional DNS record, blast radius, worldwide disablement of the automation)?","The Oct 2025 us-east-1 DynamoDB outage post-mortem describes a latent race condition in the DynamoDB DNS Planner/Enactor automation producing an empty DNS record for the regional endpoint, with blast radius across EC2/Lambda/ECS/EKS/STS and remediation disabling the DNS automation worldwide pending a fix.",confirmed,"Confirmed. AWS's post-event summary attributes the outage to a latent race condition in the DynamoDB DNS management automation (DNS Planner / DNS Enactor) that left an empty/incorrect DNS record for dynamodb.us-east-1.amazonaws.com and could not self-repair; impacts cascaded to new EC2 launches, Lambda, Fargate/ECS/EKS, etc.; AWS disabled the DynamoDB DNS Planner and Enactor automation worldwide pending a race-condition fix and added safeguards.",https://aws.amazon.com/premiumsupport/technology/pes/,
AWS,org_maturity,"Is the Shield Response Team (SRT) purely a Shield Advanced benefit, or does it also require a Business/Enterprise Support plan?",The Shield Response Team (SRT) is engageable for active DDoS events but is a benefit of the paid AWS Shield Advanced tier (with pre-authorization possible).,outdated,"Partially correct but incomplete. SRT does require Shield Advanced AND a Business or Enterprise Support plan — the AWS Shield FAQ states 'you need a Business or Enterprise support plan in order to escalate to or engage the AWS Shield Response Team (SRT).' Framing SRT as solely a Shield Advanced benefit understates the support-plan prerequisite. Pre-authorization of the SRT via an IAM role (AWSShieldDRTAccessPolicy) is confirmed. Shield Standard being always-on, automatic, inline, and free to all customers is also confirmed.",https://aws.amazon.com/shield/faqs/,true
AWS,org_maturity,Does GovCloud (US) restrict admin access to US Persons and support ITAR/FedRAMP High/DoD SRG IL2/4/5/CJIS/CMMC?,"AWS GovCloud (US) is a US-isolated Region with admin access restricted to US Persons, supporting ITAR, FedRAMP High, DoD SRG IL2/4/5, CJIS, and CMMC.",confirmed,"Confirmed on AWS GovCloud (US) compliance docs: physical/logical access restricted to vetted US Persons/US citizens; supports ITAR, EAR, FedRAMP High, DoD SRG Impact Levels 2/4/5, CJIS, FIPS 140-3, IRS-1075. (CMMC is supported via FedRAMP-aligned controls; the broader IL/ITAR/FedRAMP-High claims are directly attested.)",https://docs.aws.amazon.com/govcloud-us/latest/UserGuide/govcloud-compliance.html,
AWS,org_maturity,Does AWS Artifact require an NDA for SOC 1/SOC 2 while SOC 3 is public?,SOC 1/SOC 2 reports require accepting an AWS NDA via Artifact Agreements before download; SOC 3 is public.,confirmed,"Confirmed. AWS states an NDA is required to review the SOC 1 and SOC 2 reports (downloaded via AWS Artifact, sharing restricted to company/regulators/auditors), while the SOC 3 report is a publicly available summary requiring no NDA.",https://aws.amazon.com/compliance/soc-faqs/,
AWS,transparency,"Is it still true that IAM policies cannot deny the root user, and that only Organizations SCPs (plus 'newer centralized-root-access features') can constrain root? Verify the centralized root access feature actually launched and does what the draft implies.","AWS states you can't use IAM policies to deny the root user access; only an Organizations SCP can limit root permissions, with newer centralized-root-access features as an additional lever.",confirmed,"Accurate and current. IAM docs still state IAM policies cannot deny the root user; SCPs can limit root. The 'newer centralized-root-access features' are real: Centralized Root Access Management launched Nov 2024 (AWS What's New 2024/11), letting org admins remove root credentials from member accounts and perform tightly-scoped privileged tasks via short-term (max 15-min) task-scoped root sessions. No correction needed.",https://aws.amazon.com/blogs/aws/centrally-managing-root-access-for-customers-using-aws-organizations/,
AWS,transparency,"Does API Gateway documentation currently and explicitly disclaim API keys as an auth mechanism, with the specific cross-API-access warning and header-logging caveat?","AWS docs say 'Don't use API keys for authentication or authorization to control access to your APIs,' warn a key valid for one API in a usage plan can access all APIs in that plan, note keys are transmitted in loggable headers, and recommend IAM/Lambda authorizer/Cognito instead.",confirmed,"Accurate. Current REST API usage-plans doc carries the exact disclaimer, the cross-API access warning, the loggable-header caveat, and the IAM-role/Lambda-authorizer/Cognito recommendation. No correction needed.",https://docs.aws.amazon.com/apigateway/latest/developerguide/api-gateway-api-usage-plans.html,
AWS,transparency,"Is the EC2 encoded-authorization-message behavior (Client.UnauthorizedOperation, encoded message, sts:DecodeAuthorizationMessage gate) still documented with the quoted 'privileged information' rationale?","EC2-style operations return an encoded UnauthorizedOperation message, encoded because authorization detail 'can contain privileged information that the user who requested the operation should not see,' decodable only by a principal with sts:DecodeAuthorizationMessage.",confirmed,"Accurate. STS DecodeAuthorizationMessage docs and the EC2 re:Post guidance confirm the encoded message, the 'privileged information' rationale verbatim, and the sts:DecodeAuthorizationMessage permission gate. No correction needed.",https://docs.aws.amazon.com/STS/latest/APIReference/API_DecodeAuthorizationMessage.html,
AWS,transparency,Do current IAM docs document the explicit-vs-implicit deny AccessDenied message phrasing ('with an explicit deny in a <type> policy' vs 'because no <type> policy allows the <action> action') naming the blocking policy layer?,"IAM AccessDenied messages distinguish explicit deny ('with an explicit deny in a <type> policy', may name policy ARN) from implicit deny ('because no <type> policy allows the <action> action'), with <type> surfacing which policy layer (identity, resource, SCP, permissions boundary, session, RCP) blocked.",confirmed,Accurate and current. The IAM troubleshooting doc and re:Post explicit-deny guidance confirm both message templates and the policy-type token. The policy-layer list is current (RCPs/resource control policies are now part of the evaluation chain). No correction needed.,https://docs.aws.amazon.com/IAM/latest/UserGuide/troubleshoot_access-denied.html,
AWS,transparency,"Do current VPC docs still state security groups are allow-only/stateful, that they 'do not filter traffic destined to and from certain AWS services,' and that NACLs cannot block DNS to the Route 53 Resolver (VPC+2)?","AWS documents security groups as ALLOW-only and stateful (return traffic auto-allowed), states they do not filter traffic to/from certain AWS services, steers to NACLs for explicit deny, and discloses NACLs cannot block DNS to the Route 53 Resolver / VPC+2 address.",confirmed,"Accurate. The current VPC NACL doc explicitly lists 'Network ACLs can't block DNS requests to or from the Route 53 Resolver (also known as the VPC+2 IP address or AmazonProvidedDNS)', the IMDS limitation, and the list of AWS service traffic (DNS, DHCP, EC2 metadata, ECS task metadata, Windows license activation, Time Sync, reserved router IPs) NACLs do not filter. Security-group stateful/allow-only behavior is documented on the same page. No correction needed.",https://docs.aws.amazon.com/vpc/latest/userguide/vpc-network-acls.html,
AWS,transparency,Does AWS still position a Well-Architected review as 'not an audit' and the Well-Architected Tool as identifying high-risk issues rather than certifying?,"AWS describes a Well-Architected review as 'a constructive conversation about architectural decisions, and is not an audit mechanism,' and the free Well-Architected Tool identifies high-risk issues rather than certifying security.",confirmed,"Accurate. The current review-process doc carries the exact 'constructive conversation... is not an audit mechanism' language; the WA Tool is documented as a no-cost console tool that identifies high-risk issues (HRIs) and records improvements, not an attestation. No correction needed.",https://docs.aws.amazon.com/wellarchitected/latest/framework/the-review-process.html,
AWS,transparency,"Are the Amazon Bedrock data-use boundary statements (prompts/outputs not used to train base FMs, not shared with third-party model providers, fine-tuning creates a private copy) current?","AWS states Bedrock prompts/outputs are not used to train the underlying Amazon FMs (absent consent), are not shared with third-party model providers, and model customization creates a private customized copy of the base FM with tuning data through the customer VPC, not used to train base models.",confirmed,Accurate. Current Bedrock security page states inputs/outputs are 'never shared with model providers or used to train base models' and fine-tuning creates 'a private copy specifically for your use.' The specific 'tuning data transferred through the customer VPC' detail lives in the Bedrock FAQ rather than this page but is current and consistent. No correction needed.,https://aws.amazon.com/bedrock/security-privacy-responsible-ai/,
AWS,transparency,Does the Service Authorization Reference still use the documented wording about the Resource types column (empty => must use '*') and condition keys varying by action/resource?,"The Service Authorization Reference documents per-action capability: an empty Resource types column means the action does not support resource-level permissions (must specify '*'), and condition keys 'might be supported with an action, or with an action and a specific resource.'",confirmed,Accurate. The reference doc's overview confirms the Resource-types-column semantics (empty => specify '*') and that condition keys may apply per-action or per-action-and-resource. The draft's broader inference (List* operations commonly force Resource '*') is consistent with how the per-service tables read. No correction needed.,https://docs.aws.amazon.com/service-authorization/latest/reference/reference_policies_actions-resources-contextkeys.html,
AWS,transparency,Does the aws/containers-roadmap repo still route security vulnerabilities away from public Issues to AWS Security and use the 'job zero is security / no specific target dates' rationale?,"AWS publishes public per-service roadmaps (aws/containers-roadmap) that route security-vulnerability reports away from public Issues to AWS Security, and states it can't provide specific target dates because 'job zero is security.'",confirmed,Accurate. The containers-roadmap repo routes security issues to AWS's vulnerability disclosure channel (not public Issues) and states it cannot give specific target dates because job zero is security/operational stability. The 'no single unified public AWS security roadmap' [absent] characterization remains correct. No correction needed.,https://github.com/aws/containers-roadmap,
AWS,cross_cutting:network_architecture,"Is the auto-assign public IPv4 attribute actually true for default subnets (and false for nondefault subnets), making default-VPC launches public-by-default?",Default subnets have 'auto-assign public IPv4' set to true; instances launched into a default subnet get both a public and private IPv4; nondefault subnets default to private (attribute false).,confirmed,,https://docs.aws.amazon.com/vpc/latest/userguide/subnet-public-ip.html,
AWS,cross_cutting:network_architecture,"Does a newly created (custom) security group really have no inbound rules but one outbound rule allowing all traffic to 0.0.0.0/0, and does AWS recommend removing it?",A newly created security group has NO inbound rules and ONE outbound rule allowing all outbound traffic to 0.0.0.0/0 (::/0 if IPv6); AWS documents the asymmetry and recommends removing the open egress rule.,confirmed,,https://docs.aws.amazon.com/vpc/latest/userguide/security-group-rules.html,
AWS,cross_cutting:network_architecture,"Does the default security group self-reference on inbound and allow all outbound, is it undeletable, and is it auto-associated with instances launched without a specified SG?",Every VPC has an undeletable 'default' security group whose inbound rule allows all traffic from resources in the same SG (self-reference) and whose outbound rule allows all traffic; instances launched without a specified SG are associated with it.,confirmed,"Fully confirmed (the draft flags this as [partial], but the claim as written is accurate). Default SG: one inbound rule allowing all traffic with the security group itself as source (self-reference), one outbound rule allowing all traffic to 0.0.0.0/0; the default SG cannot be deleted (only its rules can be removed); an instance launched without a specified SG is associated with the VPC's default SG.",https://docs.aws.amazon.com/vpc/latest/userguide/default-security-group.html,
AWS,cross_cutting:network_architecture,"Does AWS Network Firewall actually provide URL and domain-category filtering 'as of 2026', and is the SNI-vs-TLS-inspection distinction correct?","AWS Network Firewall offers stateful domain allow/deny lists (HTTP Host, HTTPS SNI), Suricata-compatible rules, and — as of 2026 — URL and domain-category filtering.",confirmed,"Confirmed and correctly dated. Web/URL/Domain category filtering launched January 27, 2026. aws_domain_category evaluates domain via TLS SNI or HTTP Host with no TLS inspection required; aws_url_category evaluates full URL paths and requires TLS inspection for HTTPS traffic. ~55 AWS-managed categories (e.g., Malicious, Social Networking, AI/ML), auto-maintained. The older stateful domain allow/deny (SNI/Host) and Suricata-compatible capabilities are long-standing.",https://aws.amazon.com/about-aws/whats-new/2026/01/aws-network-firewall-web-category-based-filtering/,
AWS,cross_cutting:network_architecture,"Are gateway endpoints for S3 and DynamoDB really free, and is calling them 'PrivateLink' accurate?",Gateway endpoints provide private routing to S3 and DynamoDB with no IGW/NAT and no additional charge; described under the 'AWS PrivateLink' heading alongside interface endpoints.,confirmed,"Pricing claim confirmed: gateway endpoints for S3 and DynamoDB carry no additional charge (no hourly/data-processing fee). Minor framing nuance: AWS documents that gateway endpoints do NOT use AWS PrivateLink technology (only interface endpoints do), so grouping gateway endpoints under 'PrivateLink' is slightly imprecise even though the functional description (private ENIs/private routing, traffic on the AWS backbone) is correct.",https://docs.aws.amazon.com/vpc/latest/privatelink/gateway-endpoints.html,
AWS,cross_cutting:network_architecture,"Does AWS Client VPN have an 'IAM' authentication mode, or is the draft's 'IAM/SAML/AD' list imprecise?",AWS Client VPN provides managed OpenVPN-based remote access with IAM/SAML/AD authentication and authorization rules.,outdated,"Client VPN is OpenVPN-based (confirmed) and supports exactly three authentication types: mutual (client certificate) authentication, Active Directory authentication (via AWS Directory Service), and SAML 2.0 federated authentication. There is no standalone 'IAM' authentication mode — IAM Identity Center / SSO works through the SAML federated path. The draft should say 'mutual certificate / Active Directory / SAML federated (incl. IAM Identity Center via SAML)', and authorization rules (per-network, group-based) are correctly described.",https://docs.aws.amazon.com/vpn/latest/clientvpn-admin/client-authentication.html,true
AWS,cross_cutting:network_architecture,"Does SSM Session Manager provide IAM-gated, portless, keyless access with CloudTrail logging and optional S3/CloudWatch session (including keystroke) logging?","SSM Session Manager gives shell access with no inbound ports, no SSH keys, no bastion; outbound from the SSM Agent over the AWS API; IAM-gated; every session logged to CloudTrail and optionally streamed to S3/CloudWatch Logs including keystroke logging.",confirmed,,https://docs.aws.amazon.com/systems-manager/latest/userguide/session-manager-auditing.html,
AWS,cross_cutting:network_architecture,Does AWS Direct Connect support MACsec encryption on dedicated connections (and a Direct Connect gateway for multi-VPC/region)?,"Direct Connect provides dedicated private fiber, optionally with MACsec encryption and a Direct Connect gateway for multi-VPC/multi-region.",confirmed,"Confirmed. MACsec (IEEE 802.1AE, 256-bit, GCM-AES-256/GCM-AES-XPN-256) is supported on dedicated 10/100/400 Gbps Direct Connect connections at select locations; as of July 2025 MACsec was also extended to supported partner interconnects. Direct Connect gateway for multi-VPC/multi-region is standard.",https://docs.aws.amazon.com/directconnect/latest/UserGuide/MACsec.html,
AWS,cross_cutting:serverless_edge_middleware,"Verify whether new Lambda Function URLs require BOTH lambda:InvokeFunctionUrl and lambda:InvokeFunction as of Oct 2025, and whether choosing NONE auto-creates the FunctionURLAllowPublicAccess public resource policy.",From Oct 2025 new function URLs require BOTH lambda:InvokeFunctionUrl and lambda:InvokeFunction; choosing AuthType NONE via console/SAM auto-creates the public FunctionURLAllowPublicAccess (Principal '*') resource policy; AuthType is mandatory with no implicit default.,confirmed,"Accurate. Current docs carry the note 'Starting in October 2025, new function URLs will require both lambda:InvokeFunctionUrl and lambda:InvokeFunction permissions.' For NONE, 'When you create a function URL with auth type NONE using the console or AWS SAM, Lambda automatically creates the resource-based policy for you' (the FunctionURLAllowPublicAccess statement with Principal '*'). AuthType must be specified (AWS_IAM or NONE) at creation. Note: AWS has granted a temporary exception with a Nov 1, 2026 deadline for existing URLs to add the second permission, so the practical enforcement window extends into 2026 — but the requirement for new URLs began Oct 2025 as stated.",https://docs.aws.amazon.com/lambda/latest/dg/urls-auth.html,
AWS,cross_cutting:serverless_edge_middleware,Confirm the exact wording and current presence of the API Gateway docs statement that API keys are not for auth and that a key for one API in a usage plan grants access to all APIs in that plan.,"API Gateway docs state plainly: don't use API keys for authentication/authorization; a user with a valid API key for one API in a usage plan can access ALL APIs in that usage plan; key value is 20-128 chars, transmitted in headers that can be logged.",confirmed,"Accurate and matches current docs verbatim, including 'Don't use API keys for authentication or authorization...a user with a valid API key for one API in that usage plan can access all APIs in that usage plan' and the 20-128 character value range and 'headers that can be logged.'",https://docs.aws.amazon.com/apigateway/latest/developerguide/api-gateway-api-usage-plans.html,
AWS,cross_cutting:serverless_edge_middleware,"Confirm the current API Gateway usage-plan disclaimer that throttling/quotas are best-effort, not hard limits, and not to be relied on for cost control.","AWS explicitly says: 'Usage plan throttling and quotas are not hard limits, and are applied on a best-effort basis. In some cases, clients can exceed the quotas... Don't rely on usage plan quotas or throttling to control costs or block access to an API.' and redirects to AWS Budgets and AWS WAF.",confirmed,Accurate; the quoted disclaimer and the redirect to AWS Budgets (monitoring) and AWS WAF appear in current docs verbatim.,https://docs.aws.amazon.com/apigateway/latest/developerguide/api-gateway-api-usage-plans.html,
AWS,cross_cutting:serverless_edge_middleware,Verify that IAM authorization and Lambda authorizers reached API Gateway HTTP APIs in 2020.,IAM and Lambda authorizers reached HTTP APIs in 2020.,confirmed,"Accurate. AWS announced IAM and Lambda authorizers for HTTP APIs on September 25, 2020.",https://aws.amazon.com/blogs/compute/introducing-iam-and-lambda-authorizers-for-amazon-api-gateway-http-apis/,
AWS,cross_cutting:serverless_edge_middleware,"Confirm the ALB authenticate-oidc/authenticate-cognito header-spoofing footgun: target must verify JWT signature against the regional public key AND confirm the signer equals the expected ALB ARN, and targets must be network-isolated.","ALB OIDC/Cognito passes claims in x-amzn-oidc-data JWT; AWS best-practices guidance says the target must verify the JWT signature against the regional public key AND confirm signer == expected ALB ARN, else attackers can fabricate x-amzn-oidc-* headers; and targets must be network-isolated or clients reach the backend directly and bypass ALB auth.",confirmed,"Accurate, and now reinforced by the 2024 'ALBeast' disclosures (CVE-2024-8901 / AWS-2024-011 et al.): AWS updated guidance to require validating the JWT signature and confirming the 'signer' header equals the expected ALB ARN, plus network-isolating targets (no public IPs; SG accepts ALB-only). The draft's 'partial' rating is reasonable; the underlying claims are correct.",https://aws.amazon.com/blogs/networking-and-content-delivery/security-best-practices-when-using-alb-authentication/,
AWS,cross_cutting:serverless_edge_middleware,Verify CloudFront Functions cannot reach KMS/Secrets Manager and that Lambda@Edge viewer-request timeout is 5s with full runtime/secret access.,CloudFront Functions are sub-ms/JS-restricted and CANNOT reach KMS or Secrets Manager; Lambda@Edge viewer-request allows up to 5s and has full runtime and secret access for JWT crypto validation.,confirmed,Accurate. CloudFront Functions cannot call other AWS services (no KMS/Secrets Manager); Lambda@Edge viewer-request functions have a 5-second max timeout (128 MB memory) and can assume an execution role to reach Secrets Manager/KMS.,https://docs.aws.amazon.com/AmazonCloudFront/latest/DeveloperGuide/lambda-at-edge-function-restrictions.html,
AWS,cross_cutting:serverless_edge_middleware,Confirm AWS WAF's documented fail-open on CloudFront vs fail-closed on Regional services on internal error.,"On a WAF internal error, 'CloudFront typically allows the request, while Regional services typically deny the request' (CloudFront fails open; regional fails closed). A Web ACL protects nothing until explicitly associated; no account-wide default WAF.",confirmed,"Accurate. Current AWS WAF docs state that when WAF can't evaluate a request due to an internal error, CloudFront typically allows/serves the request while Regional services typically deny it. Web ACLs must be explicitly associated per resource; there is no account-wide default.",https://docs.aws.amazon.com/waf/latest/developerguide/web-acl.html,
AWS,cross_cutting:serverless_edge_middleware,Verify the AWS WAF rate-based-rule minimum-limit-of-10 change date (draft says 'Since May 2025') and the selectable 60/120/300/600s evaluation window with 300s default (draft says Mar 2024).,Since May 2025 the WAF rate-based minimum limit is 10 requests (was 100); since Mar 2024 the evaluation window is selectable 60/120/300/600s (default 300s).,refuted,"The minimum-limit-of-10 feature is real and current, but the DATE is wrong. AWS announced lowering the minimum rate limit from 100 to 10 on August 30, 2024 — not May 2025. (Some third-party blogs mislabel it 'May 2025'; the authoritative AWS What's New page is dated Aug 30, 2024.) Correct the draft to: 'Since August 2024 the minimum limit is 10 requests (was 100).' The selectable evaluation-window claim (60/120/300/600s, default 300s, announced March 2024) is confirmed correct.",https://aws.amazon.com/about-aws/whats-new/2024/08/aws-waf-rate-based-rules-lower-rate-limits/,true
AWS,cross_cutting:serverless_edge_middleware,Confirm WAF rate-based-rule caveats: not for precise rate limiting; possible multi-minute detection lag; changing rate settings resets counters and can pause limiting up to a minute.,"Docs state the mechanism 'is not intended for precise request-rate limiting,' that it estimates rate with a recency-weighted algorithm, that 'it's possible for requests to be coming in at too high a rate for up to several minutes before AWS WAF detects and rate limits them,' and that changing rate settings resets counters and can pause limiting for up to a minute.",confirmed,"Accurate; all three caveats (not precise / recency-weighted estimate, up-to-several-minutes detection lag, and 'change... resets the rule's rate limiting counts... can pause... for up to a minute') appear in current docs verbatim.",https://docs.aws.amazon.com/waf/latest/developerguide/waf-rule-statement-type-rate-based-caveats.html,
AWS,cross_cutting:serverless_edge_middleware,"Verify Shield Standard is default-on and free for all customers (edge/L3-L4), and Shield Advanced is opt-in paid at $3,000/month with a 1-year commitment plus data-transfer fees.","Shield Standard is default-on and free for all AWS customers (L3/L4 at CloudFront/Route 53/Global Accelerator/ELB, no enablement). Shield Advanced is opt-in paid: $3,000/month, 1-year commitment, plus data-transfer fees, adding L7, DRT, cost protection, tighter WAF integration.",confirmed,"Accurate. Shield Standard is automatic and free for all customers. Shield Advanced is $3,000/month per organization with a 1-year subscription commitment plus usage (data-transfer-out) fees, and adds L7 detection/mitigation, the DDoS Response Team, cost-protection credits, and included WAF for protected resources.",https://aws.amazon.com/shield/pricing/,
AWS,cross_cutting:serverless_edge_middleware,"Confirm the API Gateway REST API 10 MB payload limit is hard/non-raisable, and that body validation requires attaching a validator (defining a model alone does not enforce) with silent-skip when no matching content type is found.","There is a hard, non-raisable 10 MB REST-API payload limit; body validation is opt-in (defining a model does NOT enforce it; you must attach a validator to the method) and 'if no matching content type is found, request validation is not performed' (silent skip).",confirmed,"Accurate. The 10 MB REST-API payload quota cannot be increased. Validation requires creating a request validator and assigning it to the method; current docs state 'If no matching content type is found, request validation is not performed' (the documented silent-skip), with $default available to apply one model regardless of content type.",https://docs.aws.amazon.com/apigateway/latest/developerguide/api-gateway-method-request-validation.html,
AWS,cross_cutting:source_control,Is AWS CodeCommit still closed to new customers (the draft's central [absent] finding)?,"AWS CodeCommit is closed to new customers; onboarding ceased ~July 25, 2024; only accounts with a pre-existing repository can create new repositories; AWS commits to no new features. A fresh org cannot use a first-party IAM-native Git host and must use external SCM via CodeConnections or self-host.",outdated,"REVERSED. AWS CodeCommit returned to FULL General Availability on November 24, 2025. New customer sign-ups are open again: 'New customer sign-ups are open as of today... you can do so right now through the AWS Console, CLI, or APIs.' AWS also reversed its no-new-features stance and is now investing in the service, including Git LFS support (announced for Q1 2026) and regional expansion to eu-south-2 and ca-west-1 (starting Q3 2026). The 2024 closure was real (onboarding ceased ~July 25, 2024, existing customers retained) but is no longer the current state. The draft's downstream conclusion ('a multi-team org standing up fresh accounts... cannot use a first-party, IAM-native Git host and must integrate an external SCM') is now FALSE: new accounts can create CodeCommit repositories directly again. This is the single most significant correction for this signal.",https://aws.amazon.com/blogs/devops/aws-codecommit-returns-to-general-availability/,true
AWS,cross_cutting:source_control,"Is Security Hub control CodeBuild.1 actually Critical severity, and is it scoped to Bitbucket or all source providers?","Security Hub control CodeBuild.1 flags source repository URLs that embed a PAT or username/password as Critical, steering users off PATs and onto the connection model (draft frames it broadly across providers).",confirmed,"Severity is confirmed Critical. One precision: the current control title and description are scoped specifically to Bitbucket source repository URLs ('[CodeBuild.1] CodeBuild Bitbucket source repository URLs should not contain sensitive credentials'). The draft's later [partial] CodeBuild finding correctly notes the Bitbucket scope, but the lead [present] finding generalizes it to all 'source repository URLs.' Mechanism (steers off PATs toward OAuth/connections) is accurate.",https://docs.aws.amazon.com/securityhub/latest/userguide/codebuild-controls.html,
AWS,cross_cutting:source_control,Is Security Hub control CodeBuild.2 (plaintext AWS_ACCESS_KEY_ID/AWS_SECRET_ACCESS_KEY env vars) Critical severity?,CodeBuild.2 fails if a project defines plaintext AWS_ACCESS_KEY_ID/AWS_SECRET_ACCESS_KEY env vars (Critical-severity).,confirmed,Confirmed. Current docs list CodeBuild.2 severity as Critical; it checks for clear-text AWS_ACCESS_KEY_ID and AWS_SECRET_ACCESS_KEY environment variables.,https://docs.aws.amazon.com/securityhub/latest/userguide/codebuild-controls.html,
AWS,cross_cutting:source_control,"Are CodeBuild.4 (logging config) and CodeBuild.3 (S3 logs encrypted) severities as implied, and do they exist?",CodeBuild.4 requires at least one log destination (CloudWatch/S3) and CodeBuild.3 wants those S3 logs encrypted.,confirmed,"Both controls exist with the described checks. Note severities for context: CodeBuild.4 is Medium and CodeBuild.3 is Low (the draft did not assert their severity, so no factual error, but these are not Critical). The draft's claim that these detective controls are opt-in (require Security Hub + the standard enabled) is accurate.",https://docs.aws.amazon.com/securityhub/latest/userguide/codebuild-controls.html,
AWS,cross_cutting:source_control,"Does the draft's privileged-mode claim rely on a still-active Security Hub control, and is privileged mode off by default?","Privileged mode is OFF by default ('By default, Docker containers do not allow access to any devices'); when enabled it is effectively root-on-the-build-host.",confirmed,"The default-off behavior and the quoted text are confirmed in current docs. Caveat for the broader assessment: the Security Hub control that enforced this (CodeBuild.5, 'CodeBuild project environments should not have privileged mode enabled') was RETIRED in April 2024. So while privileged mode is still off by default, there is no longer a Security Hub control flagging projects that enable it. The draft's privileged-mode finding does not cite CodeBuild.5, so it is not directly wrong, but any reliance on a detective control for privileged mode would be stale.",https://docs.aws.amazon.com/securityhub/latest/userguide/codebuild-controls.html,
AWS,cross_cutting:source_control,"Does CloudTrail log CodeConnections only as management events, with no data event for token-vend (GetConnectionToken) or git fetch?",CodeConnections CloudTrail examples are all eventCategory Management (managementEvent: true); doc surfaces no data-event for GetConnectionToken nor any record of which repository content was cloned/fetched. UseConnection is among the logged calls.,confirmed,"Confirmed with one nuance. The CloudTrail logging doc's worked examples are CreateConnection, DeleteConnection, GetConnection, and CreateHost, all with managementEvent: true / eventCategory Management. There is NO GetConnectionToken or UseConnection example in the doc, and no data-event logging for credential vending or git clone/fetch of repo content (those git operations hit GitHub, not an AWS API). The core finding holds. Minor: the draft lists 'UseConnection, etc.' among logged calls; UseConnection is not shown as an example in the CloudTrail doc (it is an IAM action / appears in EventBridge and IAM contexts), so that specific item is unverified by the cited doc.",https://docs.aws.amazon.com/dtconsole/latest/userguide/logging-using-cloudtrail-connections.html,
AWS,cross_cutting:source_control,"Does the AWS Connector for GitHub App request broad read/write permissions, with one-install-per-org and cross-account sharing?","The AWS Connector for GitHub requests broad read AND write (code, commit statuses, pull requests, repo administration, repo/org webhooks). GitHub permits only ONE installation per org; every CodeConnection targeting that org shares the one install and its permission set; no AWS-side facility to scope a connection to a repo subset or read-only; a connection can be shared across AWS accounts.",confirmed,"Confirmed. The app requests read+write to administration, code, commit statuses, pull requests, and repository hooks, plus read+write to organization hooks (and org self-hosted runners). GitHub enforces one app installation per organization, so all CodeConnections to that org share the single installation and its full permission set. Cross-account sharing via AWS RAM is supported, widening blast radius. The only scoping lever is the GitHub-side repository allowlist at install time (and GitLab/Bitbucket lack even that); there is no AWS-side per-connection repo-subset or read-only scoping.",https://thomaspreece.com/2025/12/04/part-1-overview-of-aws-codeconnections-escalating-privileges-via-aws-codeconnections/,
AWS,cross_cutting:source_control,Does the CodePipeline console doc state that unselected repos under Repository Access are not accessible/visible?,The CodePipeline console explicitly states 'you can select specific repositories under Repository Access. Any repositories that are not selected will not be accessible or visible by CodePipeline.',confirmed,"Confirmed verbatim. Current CodePipeline GitHub connections doc states: 'In these steps, you can select specific repositories under Repository Access. Any repositories that are not selected will not be accessible or visible by CodePipeline.'",https://docs.aws.amazon.com/codepipeline/latest/userguide/connections-github.html,
AWS,cross_cutting:source_control,Does the AWS Security blog on GitHub Actions OIDC scope the sub claim but omit any warning about wildcard/omitted-sub (confused deputy)?,AWS's Security blog shows only a correctly-scoped single sub example (e.g. repo:org/repo:ref:refs/heads/branch) and does NOT warn against the wildcard/omitted-sub failure mode; GitHub later added immutable claims like repository_id.,confirmed,"Confirmed. The AWS Security blog 'Use IAM roles to connect GitHub Actions to actions in AWS' shows a correctly-scoped sub condition (repo:<org/EXAMPLEREPO>:ref:refs/heads/<ExampleBranch>) but does NOT warn against wildcard subs (repo:org/*) or an omitted sub condition, and does not mention the confused-deputy risk. The caution lives in third-party writeups and GitHub's docs. GitHub did add immutable condition keys including repository_id (numeric, survives renames) recommended for production trust policies.",https://aws.amazon.com/blogs/security/use-iam-roles-to-connect-github-actions-to-actions-in-aws/,
AWS,cross_cutting:source_control,Are CodeBuild on-demand fleets ephemeral (destroyed after build) while reserved-capacity fleets persist hosts?,"CodeBuild on-demand fleets provision compute per build and DESTROY the machine when the build finishes (ephemeral, no reuse by default); reserved-capacity fleets (opt-in) deliberately persist hosts to cut latency.",confirmed,"Confirmed. Current docs: with on-demand fleets, CodeBuild provides compute and the machines are destroyed when the build finishes. Reserved-capacity fleets maintain a set of dedicated, persistent EC2-backed instances that remain available (and incur cost) to cut startup latency. The isolation-vs-speed tradeoff framing is accurate.",https://docs.aws.amazon.com/codebuild/latest/userguide/fleets.html,
AWS,cross_cutting:organizational_substrate,"Default cap is 10 accounts per org, adjustable via Service Quotas up to 50,000.","AWS Organizations default account quota is 10, raisable to 50,000.",confirmed,"Confirmed. Quota table: 'Maximum number of accounts | 10 ... Limit increases can be granted up to 50,000 accounts based on customer qualifications.' Only the management account can submit the increase. (Note: newly created accounts/orgs may start below 10.)",https://docs.aws.amazon.com/organizations/latest/userguide/orgs_reference_limits.html,
AWS,cross_cutting:organizational_substrate,"OUs: max 2000 OUs, nestable up to 5 levels deep under a root.",Max 2000 OUs per org; OUs nestable up to 5 levels deep under a root.,confirmed,Confirmed. 'Number of OUs in an organization: 2000' and 'OU maximum nesting in a root: Five levels of OUs deep under a root.',https://docs.aws.amazon.com/organizations/latest/userguide/orgs_reference_limits.html,
AWS,cross_cutting:organizational_substrate,Created accounts must exist 4 days before removal; only 5 accounts can be created concurrently.,Min 4-day age before removal of a created account; max 5 member accounts created concurrently.,confirmed,"Confirmed. 'Minimum age for removal of created accounts: 4' days, and 'Number of member accounts you can create concurrently: 5.'",https://docs.aws.amazon.com/organizations/latest/userguide/orgs_reference_limits.html,
AWS,cross_cutting:organizational_substrate,SCP default FullAWSAccess on every root/OU/account; removing it blocks all actions.,Every entity gets a default FullAWSAccess SCP; remove it and all member-account actions fail.,confirmed,Confirmed. 'You should not remove the FullAWSAccess policy unless you modify or replace it ... otherwise all AWS actions from member accounts will fail.' SCP minimum-per-entity is 1 (you can't remove the last SCP when SCPs are enabled).,https://docs.aws.amazon.com/organizations/latest/userguide/orgs_manage_policies_scps.html,
AWS,cross_cutting:organizational_substrate,"SCP exemptions: management account, service-linked roles, and root-user tasks (Enterprise Support signup, CloudFront trusted signer, Lightsail/EC2 reverse DNS).","SCPs do not affect management-account principals, service-linked roles, and specified root-user tasks.",confirmed,"Confirmed verbatim in 'Tasks and entities not restricted by SCPs': management-account actions, service-linked-role actions, Enterprise support signup as root, CloudFront trusted signer for private content, and reverse DNS for Lightsail email server / EC2 instance as root (plus Alexa Top Sites, Alexa Web Information Service, Mechanical Turk, Product Marketing API).",https://docs.aws.amazon.com/organizations/latest/userguide/orgs_manage_policies_scps.html,
AWS,cross_cutting:organizational_substrate,SCPs don't affect resource-based policies directly and don't affect users/roles from accounts outside the org (external-principal blind spot).,SCPs only constrain in-org principals; they don't affect resource-based policies directly or external-account principals.,confirmed,Confirmed verbatim: 'SCPs don't affect resource-based policies directly. They also don't affect users or roles from accounts outside the organization' — illustrated with the cross-account S3 bucket-policy example the draft uses.,https://docs.aws.amazon.com/organizations/latest/userguide/orgs_manage_policies_scps.html,
AWS,cross_cutting:organizational_substrate,"RCPs launched/GA Nov 13, 2024 as the resource-side complement to SCPs.","RCPs reached GA on Nov 13, 2024.",confirmed,"Confirmed. What's New announcement dated Nov 13, 2024. At launch RCPs covered only 5 services (S3, STS, KMS, SQS, Secrets Manager); the list has since expanded.",https://aws.amazon.com/about-aws/whats-new/2024/11/resource-control-policies-restrict-access-aws-resources/,
AWS,cross_cutting:organizational_substrate,"RCPs apply to a subset of ~24 services -- notably S3, STS, KMS, SQS, Secrets Manager, plus DynamoDB, ECR, CloudWatch Logs, Cognito, etc.","RCPs currently cover ~24 services including DynamoDB, ECR, CloudWatch Logs, Cognito.",confirmed,"Confirmed as current (June 2026): the RCP-supported-services list now contains exactly 24 services, including all four named (Cognito, CloudWatch Logs, DynamoDB, ECR) plus the original five and others (AppConfig, AppStream, EC2 Auto Scaling, CodeBuild, CodeCommit, Comprehend, Comprehend Medical, DAX, Health, Kinesis Video Streams, OpenSearch Serverless, Support, Textract, Transcribe, Translate). Note this grew from 5 at launch, so '~24' is accurate today but is the kind of count that will keep moving.",https://docs.aws.amazon.com/organizations/latest/userguide/orgs_manage_policies_rcps.html,
AWS,cross_cutting:organizational_substrate,"RCPFullAWSAccess auto-attached to root/every OU/every account, cannot be detached, counts toward a 5-RCP-per-entity quota; RCPs opt-in to author.","RCPFullAWSAccess is mandatory, non-detachable, and counts toward a 5-per-entity RCP limit.",confirmed,Confirmed. Quota table: RCP minimum-per-entity is 1 because 'The RCPFullAWSAccess policy is automatically attached ... You cannot detach this policy and it counts towards the 5 policies quota.' Max RCPs per root/OU/account = 5.,https://docs.aws.amazon.com/organizations/latest/userguide/orgs_reference_limits.html,
AWS,cross_cutting:organizational_substrate,"RCPs do NOT affect the management account, do NOT affect service-linked roles, and do NOT apply to AWS-managed KMS keys; enforce even on external-principal access.","RCP carve-outs: management account, service-linked roles, AWS-managed KMS keys; RCPs bind external/root principals.",confirmed,"Confirmed verbatim under 'Resources and entities not restricted by RCPs': no effect on management-account resources, no effect on service-linked roles, and 'RCPs do not apply to AWS managed keys for AWS KMS.' Docs also confirm RCPs apply 'regardless of whether the principals belong to the same organizations or not. This includes root users.'",https://docs.aws.amazon.com/organizations/latest/userguide/orgs_manage_policies_rcps.html,
AWS,cross_cutting:organizational_substrate,"Declarative policies announced Dec 2024; at launch cover EC2, EBS, VPC only; enforce IMDSv2, EBS encryption-by-default, EBS-snapshot/AMI block public access, allowed-AMI, VPC BPA, serial-console; ship an account status report.",Declarative policies (Dec 2024) cover EC2/EBS/VPC with the listed attributes plus an account status report.,confirmed,"Confirmed. What's New (Dec 2024): declarative policies support EC2, VPC, EBS; attributes include Instance Metadata Defaults (IMDSv2), Image Block Public Access (AMI BPA), Snapshot Block Public Access, VPC Block Public Access, Allowed Image (AMI) Settings, and Serial Console Access. The 'account status report' is included.",https://aws.amazon.com/about-aws/whats-new/2024/12/aws-declarative-policies/,
AWS,cross_cutting:organizational_substrate,"Declarative policies: up to 10 per entity, 10,000-char limit, 1000 per org.","Declarative-policy quotas: 10 per entity, 10,000-char document, 1000 per org.",confirmed,"Confirmed. Quota tables: Declarative policies max attached per root/OU/account = 10; document max size = 10,000 characters; max declarative policies in an org = 1000.",https://docs.aws.amazon.com/organizations/latest/userguide/orgs_reference_limits.html,
AWS,cross_cutting:organizational_substrate,"Centralized root access mgmt (Nov 2024): two independently selectable capabilities (Root credentials management; Privileged root actions), opt-in via IAM trusted access + EnableOrganizationsRootCredentialsManagement / EnableOrganizationsRootSessions; uses sts:AssumeRoot.",Centralized root access management has two opt-in capabilities and uses sts:AssumeRoot for privileged actions.,confirmed,"Confirmed. Two features: 'root credentials management' and 'privileged root actions in member accounts.' Enablement is via the EnableOrganizationsRootCredentialsManagement / EnableOrganizationsRootSessions APIs (requires IAM trusted access in Organizations). Privileged root tasks use the STS AssumeRoot API with a task-scoped policy and max 15-minute session. Opt-in, not default.",https://docs.aws.amazon.com/IAM/latest/UserGuide/id_root-enable-root-access.html,
AWS,cross_cutting:organizational_substrate,"Control Tower controls: preventive=SCPs, detective=Config rules, proactive=CloudFormation hooks; creates Log Archive + Audit accounts; as of Nov 2024 also offers configurable managed controls implemented via RCPs.",Control Tower control mechanisms and the Nov 2024 RCP-based managed controls.,confirmed,"Confirmed. Preventive = SCPs, detective = AWS Config rules (+Lambda), proactive = CloudFormation Hooks; landing zone creates Log Archive and Audit accounts. Nov 2024: Control Tower launched configurable AWS-managed preventive controls implemented via RCPs (initially for S3, STS, KMS, SQS, Secrets Manager). Minor completeness note for the draft: in Dec 2024 Control Tower also added managed controls implemented via declarative policies, not just RCPs.",https://aws.amazon.com/about-aws/whats-new/2024/11/aws-control-tower-configurable-resource-control-policies/,
AWS,cross_cutting:organizational_substrate,"IAM Identity Center SCIM: nested groups not supported; with Entra ID, indirectly-assigned (nested) members are not unpacked -- only direct members of an explicitly assigned group sync.",SCIM does not expand nested groups; Entra ID does not recursively unpack indirectly-assigned members.,confirmed,Confirmed. Microsoft documents that the Entra provisioning service 'cannot read or provision users in nested groups. Only users that are immediate members of an explicitly assigned group can be read and provisioned' and it 'doesn't recursively unpack the group memberships of indirectly assigned users or groups.' This is an IdP-side limitation that surfaces in IAM Identity Center.,https://learn.microsoft.com/en-us/entra/identity/app-provisioning/known-issues,
AWS,cross_cutting:organizational_substrate,IAM Identity Center SCIM: multivalue attributes (multiple emails/phones) are not provisioned and will fail.,Multivalue attributes are not provisioned via SCIM and attempts fail.,confirmed,"Confirmed verbatim: 'Currently, multivalue attributes (such as multiple emails or phone numbers for a given user) are not provisioned with SCIM. Attempts to synchronize multivalue attributes into IAM Identity Center with SCIM will fail.'",https://docs.aws.amazon.com/singlesignon/latest/userguide/provision-automatically.html,
AWS,cross_cutting:organizational_substrate,IAM Identity Center 'Account-instance quota is 3000 (raisable).',The IAM Identity Center account quota is 3000 and labeled an 'account-instance' quota.,refuted,"The NUMBER is right (3000, raisable) but the LABEL is wrong. The 3000 quota is 'Total number of AWS accounts or applications that can be configured' for an IAM Identity Center instance -- a COMBINED accounts-plus-applications quota (e.g., 2750 accounts + 250 apps = 3000). It is NOT an 'account-instance quota': an 'account instance' is a separate IAM Identity Center concept (limited to 1 per AWS account and notably does not support permission sets). Reword to: 'The combined accounts-or-applications quota per organization instance is 3000 (raisable).'",https://docs.aws.amazon.com/singlesignon/latest/userguide/limits.html,true
AWS,cross_cutting:organizational_substrate,"Delegated administration is supported for the listed security services (GuardDuty, Security Hub, Config, IAM Access Analyzer, Macie, Detective, Inspector, Audit Manager, Firewall Manager, CloudTrail, centralized root access); GuardDuty/Security Hub auto-enable; none enabled by default at org level.",Org-wide security telemetry is opt-in: delegated admin must enable each service and set auto-enable; not default-on.,confirmed,"Confirmed in substance. The Organizations 'services that work with Organizations' set includes all the named services as delegated-administration-capable, and centralized root access is a delegable IAM capability (confirmed separately). GuardDuty/Security Hub support an auto-enable-for-new-accounts preference, and none of these services protects accounts until the delegated admin explicitly enables it and sets the auto-enable preference -- i.e., security telemetry is opt-in, not default-on. (Note: GuardDuty/Security Hub auto-enable now favor an explicit account-config/'auto-enable' model over the older legacy ALL setting; the draft's ALL/NEW framing is directionally correct.)",https://docs.aws.amazon.com/organizations/latest/userguide/orgs_reference_limits.html,
